{
  "accuracy": 0.689,
  "roc_auc": 0.7283397683397683,
  "report": {
    "0": {
      "precision": 0.7224546722454672,
      "recall": 0.8222222222222222,
      "f1-score": 0.7691165553080921,
      "support": 630.0
    },
    "1": {
      "precision": 0.6042402826855123,
      "recall": 0.46216216216216216,
      "f1-score": 0.5237366003062787,
      "support": 370.0
    },
    "accuracy": 0.689,
    "macro avg": {
      "precision": 0.6633474774654897,
      "recall": 0.6421921921921921,
      "f1-score": 0.6464265778071854,
      "support": 1000.0
    },
    "weighted avg": {
      "precision": 0.6787153481082839,
      "recall": 0.689,
      "f1-score": 0.6783259719574211,
      "support": 1000.0
    }
  }
}